name,content,profile,compound
Maheshpal Singh Rathore,"ğ—œğ˜€ğ—»'ğ˜ ğ˜ğ—µğ—¶ğ˜€ ğ—¹ğ—¶ğ—¸ğ—² ğ˜ğ—µğ—² ğ—°ğ—¼ğ—¼ğ—¹ğ—²ğ˜€ğ˜ ğ—¹ğ—¼ğ—´ğ—¶ğ—» ğ˜€ğ—°ğ—¿ğ—²ğ—²ğ—» ğ—²ğ˜ƒğ—²ğ—¿?ğŸ™ˆFollowÂ Maheshpal SinghÂ for more coding content.ğŸ“Join telegram for Web dev, Data Science and Notes/Materials :Â -ğŸ”—Â https://t.me/codingwizardsLike ğŸ‘ Share ğŸ˜Š and comment for better reach ğŸ¤Checkout its Codepen:Â https://lnkd.in/d_sJ5Sq6Checkout its Full view:Â https://lnkd.in/gMG8jJ9tLearn moreÂ fromÂ W3Schools.com ,Â SololearnÂ Â Credit:Â Darin Senneff .#dsaÂ #loginÂ #html5Â #cssÂ #javascriptÂ #hacksÂ #webdevelopmentÂ #signupÂ #webdesignÂ #webdeveloperÂ #developerÂ #coolÂ #themesÂ #wordpressÂ #codingÂ #developpementwebÂ #websitedesignÂ #htmldeveloperÂ #cssflexboxÂ #programmerÂ #programmingÂ #themecustomizationÂ #animationsÂ #programminglifeÂ #coderÂ #codingpracticesÂ #coderlifeÂ #learncodingÂ #linkedinpostÂ #linkedin",https://www.linkedin.com/in/maheshpal-singh-rathore-a7645a202?miniProfileUrn=urn%3Ali%3Afs_miniProfile%3AACoAADOuLnoBptQMEIu27CJ6UAofbU6wW5mbG9U,0.7783
Personio,Libera el potencial de tus empleados y lleva a tu empresa a otro nivel con nuestro nuevo mÃ³dulo de evaluaciÃ³n de desempeÃ±o. Descubre mÃ¡s!,https://www.linkedin.com/company/personio/?miniCompanyUrn=urn%3Ali%3Afs_miniCompany%3A10180448,0.0
"CBIRT, Centre of Bioinformatics Research & Tech",Meet Foldseek: A High-Performance Deep Learning Approach for Fast and Accurate Protein Structure Search Quick Read: https://lnkd.in/dEmys8Sr#bioinformatics #structuralbiology #deeplearning #ai #protein #alphafold #foldseek #binewsğŸ—ï¸ #sciencenews,https://www.linkedin.com/in/cbirt?miniProfileUrn=urn%3Ali%3Afs_miniProfile%3AACoAABbG92EB4pDnWSpmTU6RBm2_al-XqiAR2fg,0.0
Salesforce,"Â¿CÃ³mo se construye un proceso de ventas que consiga siempre cerrar acuerdos? Tenemos la respuesta, desde la prospecciÃ³n hasta el cierre del acuerdo.",https://www.linkedin.com/company/salesforce/?miniCompanyUrn=urn%3Ali%3Afs_miniCompany%3A3185,0.0
Enric Rovira,"PrÃ³ximo Viernes 19 de mayo en la Universidad complutense de Madrid - facultad de informÃ¡tica.Inteligencia artificial, kaggle, kahoot, picoteo...anÃ­mate!! ğŸ‘‡#ia #kaggle #meetup #datascience",https://www.linkedin.com/in/enric-rovira-a30195a1?miniProfileUrn=urn%3Ali%3Afs_miniProfile%3AACoAABWP3IQBgvs0t_UAdy5USWfhkIOwPkS35Jk,0.0
WeDoData,"This week our lovely Olivia has been working from our Bristol officeğŸ™‹â€â™€ï¸â€œItâ€™s been great catching up with my colleagues but especially, Jango ğŸ¶ One of the main benefits for working in WeDoData is the flexibility they offer; Iâ€™ve been able to catch up with family and keep up with my work as usual by conducting Team interviews and booking interviews. Also, seems like I brought the sun with me from Mallorca! ğŸŒ´â€If you would be interested in speaking about job opportunities within WeDoData contact Owen or Jay for a confidential chat.",https://www.linkedin.com/company/wedodata1/?miniCompanyUrn=urn%3Ali%3Afs_miniCompany%3A18304241,0.968
Tenable,The first vulnerability assessment solution for complete visibility across the modern attack surface.,https://www.linkedin.com/company/tenableinc/?miniCompanyUrn=urn%3Ali%3Afs_miniCompany%3A25452,-0.4019
Adalab,Si alguna vez has sentido que no mereces estar en tu puesto y que tus logros son casualidad es probable que sufras el #SÃ­ndromeDeLaImpostora.,https://www.linkedin.com/company/adalab/?miniCompanyUrn=urn%3Ali%3Afs_miniCompany%3A15178940,-0.296
Juliana Rabbi - Remote Work Coach,"Do women need to choose between a career and being a good mother?I know. Most people will say that, once you become a mother, you will never be able to prioritize your career again. You are ""kind of done"" with that.I disagree. â–ªï¸ In case you are wondering, I'm not a mother. But I have close friends, clients and women around me who are mothers, and I want to share the perspective I heard from some of them about being a mother. âš ï¸ Warning: this might change the way you approach being a mother and taking care of you careerA lot of mothers dream about a career that allows them to:âœ”ï¸ Bring their young kids to school and pick them backâœ”ï¸ Have lunch with them every dayâœ”ï¸Travel with the kids during the school holidays and work from thereâœ”ï¸ Spend time home when the kid got sick âœ”ï¸ Be able to spend more quality time with the kid, instead of arriving home from the office late and extremely tired, when the kid is about to go to bedğŸ”˜ Are those things even possible to happen?The answer is yes.ğŸ”¹ When you have a remote job, you have more flexibility and autonomy to use your time as you wish.You can be an amazing and dedicated professional, and, at the same time,Â  a great mom who spends time with her family and enjoys it.ğŸ”¸ I know things are more complex than that, but I want to bring your attention to the fact that working remotely will significantly increase the chances that you can keep improving your career after you have kids.The ""traditional office life"" is not kid friendly - and I'm sure you knew that already. What you may not know is that more and more moms are working remotely (or from home) and improving their life quality, spending more times with their kids and still being promoted.â¡ï¸ If you are a mother (or are planning to be one), and you also care about your career, I can help you to land a remote job.You will need to figure out a way to raise your kids and live life on your own terms...But I can help you to deal with the career part.â­ï¸ Send me a direct message and let's talk.#jobsearch #remotejobs #remotework #homeoffice #workfromhome ",https://www.linkedin.com/in/julianarabbi-career-coach?miniProfileUrn=urn%3Ali%3Afs_miniProfile%3AACoAABmevUwBbk19YkfmbNeL74atmuvZPduw-dA,0.9951
Experience & Wiser,ğŸ”˜ El diseÃ±o de un buen proceso de #onboarding permite minimizar tiempos de integraciÃ³n y el comienzo de la aportaciÃ³n de valor por parte del candidato que se integra en la empresa. Te damos algunas estrategias clave para tener un proceso de onboarding de Ã©xito ğŸ‘‡Contacta con nosotros si necesitas ayuda con los procesos de selecciÃ³n de tu empresa https://lnkd.in/dB88SkdQ#reclutamientoyseleccion #recursoshumanos ,https://www.linkedin.com/company/experience-wiser/?miniCompanyUrn=urn%3Ali%3Afs_miniCompany%3A2380641,0.0
Sportyjob,"Looking for qualified talents to take your sports company to the next level? Look no further than the OutDoor by ISPO Job Wall. With our Job Wall, you can easily and effectively reach the right candidates within just 3 days. From June 4th to June 6th, 2023, gain access to a large pool of sport professionals with a wide range of skills, from marketing to product engineering. Our job wall is designed to help you receive more relevant applications in less time, reducing the stress and effort of the hiring process. Don't wait - click now to learn more and simplify your candidate search.",https://www.linkedin.com/company/sportyjob.com/?miniCompanyUrn=urn%3Ali%3Afs_miniCompany%3A1413726,0.8591
Laura MillÃ¡n GarcÃ­a,"Â¡Alejandro Mariana MuÃ±oz y yo hemos tenido una idea! La hemos llamado â€œEL GRAN DESPERTAR DEL TALENT-BRANDâ€ â° Â¿Te la cuento? ğŸ’¥ğŸ‘‡ğŸ™‹ğŸ»â€â™‚ï¸ Alejandro es Talent Acquisition de Cabify, responsable desde hace varios aÃ±os de la gestiÃ³n de procesos de selecciÃ³n y atracciÃ³n del mejor talento tecnolÃ³gico en Cabify.ğŸ™‹ğŸ»â€â™€ï¸ Por mi parte, soy Brand Strategist de marcas y empresas: ideo, diseÃ±o y desarrollo estrategias de comunicaciÃ³n para generar un impacto real en las organizaciones y sus stakeholdersNos juntamos por casualidad leyÃ©ndonos en LinkedIn y hemos decidido sumar conocimientos para aportar nuestra visiÃ³n sobre ciertos temas que pueden ser relevantes.ğŸ’¥ğŸ’¥ğŸ’¥ De esta fusiÃ³n naceâ€¦ El Gran Despertar del Talent-Brand: una secciÃ³n conjunta de Employer Branding y Brand Strategy, en forma de artÃ­culos de LinkedIn, donde analizamos las tendencias, desafiamos las convenciones, conectamos los lÃ­mites y damos espacio a la revoluciÃ³n que estÃ¡ redefiniendo la forma en que el talento y la marca se conectan.Â¿Te apetece? Â¿QuÃ© te parece? Nuestro primer artÃ­culo serÃ¡ sobreâ€¦ La importancia de la marca personal de los empleados de tu empresa. ğŸ‘‰ Hablaremos sobre cÃ³mo la marca personal estÃ¡ cambiando las reglas del juego, y abriremos debate sobre si esto genera un conflicto de intereses o una simbiosis imprescindible para las empresas y sus trabajadores. ğŸ˜ Â¡El prÃ³ximo 24 de mayo estaremos de estreno! ğŸ˜#EmployerBranding #Branding #EstrategiaEmpresarial #EstrategiaDigital #Marca #Talento #ElGranDespertarDelTalentBrand",https://www.linkedin.com/in/laura-millan-garcia?miniProfileUrn=urn%3Ali%3Afs_miniProfile%3AACoAABTa9xYBJQZGQcefDh-0OVmAJeLYFchjod4,0.6025
atSistemas,"ğŸš€ Si te gusta la innovaciÃ³n, Â¡no te puedes perder el AWS Summit en Madrid! ğŸš€El mayorÂ #eventoÂ de la nube deÂ Amazon Web Services (AWS)Â en EspaÃ±a que reÃºne lÃ­deres empresariales y expertos tecnolÃ³gicos para conectar, colaborar y aprender.Con 50 sesiones tÃ©cnicas y de negocio, ademÃ¡s de keynotes, en las que tendrÃ¡s la oportunidad de explorar soluciones escalables, confiables y flexibles.AdemÃ¡s, podrÃ¡s interactuar con todos sus partners (entre los que no faltarÃ¡Â atSistemas), disfrutar del networking y experimentar distintas actividades como el simulador de FÃ³rmula 1 o participar en la liga AWS Deep Racer.ğŸ“… 15 de junioğŸ“ IFEMAÂ¡Agenda y entradas gratuitas! ğŸ‘‰Â https://lnkd.in/dkr7Kigc#PartnerÂ #AWSÂ #CloudÂ #AWSSummit #Amazon #TecnologÃ­a",https://www.linkedin.com/company/atsistemas/?miniCompanyUrn=urn%3Ali%3Afs_miniCompany%3A793394,-0.2695
Ãlvaro GarcÃ­a Lorenzo,"El post llega unos dÃ­as tarde (con algÃºn que otro problema logÃ­stico de por medio). El viaje a Londres con los compaÃ±eros del MÃ¡ster en gestiÃ³n de empresas marÃ­timo-portuarias y Derecho marÃ­timo de la University of Deusto  ha sido una experiencia increÃ­ble. Antes de nada, quiero hablar sobre las dos visitas que tuvimos el dÃ­a despuÃ©s de estar en la  International Maritime Organization y en el Lloyd's Register AsÃ­, tuvimos el placer de visitar el Britannia P&I Club, primer club de P&I del mundo y referente en el sector marÃ­timo; ademÃ¡s de la sede de International Oil Pollution Compensation Funds (IOPC Funds), vitales a la hora de mitigar los daÃ±os que pudiesen causar desastres debidos a la contaminaciÃ³n por hidrocarburos resultante de derrames de hidrocarburos persistentes de buques tanque.Gracias a sendas oportunidades, los conocimientos que hemos ido ganando a lo largo del curso se han visto reforzados y no podemos aguantar mÃ¡s las ganas de finalizar esta etapa y empezar a crecer dentro del sector marÃ­timo.Con todo, me gustarÃ­a agradecer a mis compaÃ±eros por los magnÃ­ficos momentos vividos, tanto en las visitas como en el tiempo de ocio del que disfrutamos (en algÃºn que otro pub nos conocen ya de sobra). Finalmente, no podÃ­a olvidarme de Fernando. No se me ocurrirÃ­a nadie mejor para poder compartir, disfrutar y aprender a la vez. Gracias infinitas por aguantarnos y estar a nuestro lado toda esta semana.#maritimeindustry #maritimelaw #pollution #oil #fidac #britannia #insurance #oportunidades #hidrocarburos #derecho #derechomaritimo #comerciointernacional #internationaltrade",https://www.linkedin.com/in/%C3%A1lvaro-garc%C3%ADa-lorenzo-515b3424b?miniProfileUrn=urn%3Ali%3Afs_miniProfile%3AACoAAD3tBOEBncRVTOyz0MPnvR_IYhEvxRu3pPQ,-0.4939
Banca March,"Accede a invertir y a la gestiÃ³n digital de tus productos desde la cuenta online Avantio de Banca March, sin comisiones.",https://www.linkedin.com/company/banca-march/?miniCompanyUrn=urn%3Ali%3Afs_miniCompany%3A740880,-0.5574
Ironhack Portugal,"It's time to start your tech career? We got you, we're here to help you with this transition! âœ¨How to apply to an Ironhack Portugal Bootcamp?1. Fill out the application form;Â ğŸ‘‰ğŸ¼ https://lnkd.in/dYYqaqm62. Schedule your interview with the admissions team;3. Complete the online logical skills test;4. Save your spot.This is the first step to your dream career! â˜ºï¸ Our #Ironhackers can confirm this!",https://www.linkedin.com/company/ironhack-portugal/?miniCompanyUrn=urn%3Ali%3Afs_miniCompany%3A12627372,0.8456
Joaquin Palou,"Un iPhone que se doblarÃ¡ por la mitad, ocupando un espacio mÃ­nimo en nuestros bolsillos y se autoprotegerÃ¡ ante caÃ­das inesperadas. Un prototipo minimalista que con la gran acogida que estÃ¡n teniendo los #smartphones plegables de otras marcas mÃ¡s pronto que tarde llegarÃ¡ al mercado...ğŸš€ğŸš€ğŸš€â— â—Si os gustan este tipo de publicaciones podÃ©is recomendar & compartir para que el contenido llegue a muchas mÃ¡s personas. Para seguirme un solo clic en seguir aquÃ­ ğŸ‘‰https://bit.ly/3JfRW8q#RA #AR #RV #VR #virtualreality #Realidadaumentada #realidadvirtual #augmentedreality #tecnologia #tech #innovacion #stem #smartcity #IA ğŸ‘‡",https://www.linkedin.com/in/joaquin-palou-735a0439?miniProfileUrn=urn%3Ali%3Afs_miniProfile%3AACoAAAgoZxkB6YcGlmYuqum-NHkRxFYHxy0FOr8,0.0
Ironhack Spain,"Booooom ğŸ”¥ Abrimos los cursos de septiembre y octubre a tiempo completo y parcial, y en formato online y presencialğŸ™ŒDesde Ironhack siempre estamos intentando ofrecer laÂ mejor experienciaÂ posible, por lo queÂ si te registras a partir de hoyÂ a uno de estos cursos, puedes beneficiarte de unÂ 15% de #descuentoÂ en nuestros #bootcamps. El descuento solamente es vÃ¡lido para los cursos deÂ septiembre y octubre. Â¿A quÃ© estÃ¡s esperando? Solicita tu plaza ahorağŸ‘‰ https://lnkd.in/dXAVzB84#ironhack #tech #bootcamp #uxui #webdevelopment #dataanalytics #cybersecurity",https://www.linkedin.com/company/ironhack-spain/?miniCompanyUrn=urn%3Ali%3Afs_miniCompany%3A19054959,0.0
Universidad Pontificia Comillas,The world is evolving fast and you want to stay ahead of the curve. Join Comillas ICADE's MBA Program to bolster your career and become part of an entrepreneurial network made up of over 40k+ top professionals. â€¢	100% in Englishâ€¢	100% working profesionalsâ€¢	30+ years of training experienceâ€¢	Starting in October 2023,https://www.linkedin.com/company/ucomillas/?miniCompanyUrn=urn%3Ali%3Afs_miniCompany%3A1007594,0.5106
Fiona L.,"ğ—§ğ—¿ğ˜†ğ—¶ğ—»ğ—´ ğ˜ğ—¼ ğ—³ğ—¶ğ—»ğ—± ğ—®ğ—» ğ—¶ğ—»ğ˜ğ—²ğ—¿ğ—»ğ˜€ğ—µğ—¶ğ—½ ğ—¹ğ—®ğ˜€ğ˜ ğ—ºğ—¶ğ—»ğ˜‚ğ˜ğ—²? ğ—›ğ—²ğ—¿ğ—²â€™ğ˜€ ğ—µğ—¼ğ˜„ ğ—œ ğ—´ğ—¼ğ˜ ğ—¼ğ—³ğ—³ğ—²ğ—¿ğ˜€ ğ—¶ğ—» ğ—”ğ—½ğ—¿ğ—¶ğ—¹/ğ— ğ—®ğ˜†. (2022 edition!)Â Same time last year; I started my recruiting process, early February. I got offers atÂ Asurion, Robinhood, Okta, NVIDIA and interviews at LinkedIn, Adobe, Corsair to name a few. Here were the steps that got me there:ğŸ‘©â€ğŸ’»ğŸ­. ğ”ğ©ğğšğ­ğ ğ²ğ¨ğ®ğ« ğ«ğğ¬ğ®ğ¦ğ (Wonsulting Template https://bit.ly/351yiy2)  Hiring managers focused on my leadership experiences and the impact Iâ€™ve made at various roles. I always input qualitative metrics on my all my projects, internships, and club experiences.Structure of bullets: what did you do, how did you accomplish it, and what were the results.Â ğŸ“ŒğŸ®. ğŒğšğ¤ğ ğš ğ©ğ¥ğšğ§ ğ­ğ¨ ğšğ©ğ©ğ¥ğ²Out of hundreds of applications, it only takes 1 company to see your potential. However, you should expect to submit a substantial amount. I probably applied to 200+ total! ğŸ§·use Simplify to auto fill your applicationsğŸ§·network with professionals in the same team or role to gain insight on the product/potential project scope. (Either after you applied or land an interview)Â ğŸ‘€ğŸ¯. ğ”ğ¬ğ ğ¨ğ«ğ ğšğ§ğ¢ğ³ğšğ­ğ¢ğ¨ğ§ğšğ¥ ğ¬ğ¨ğŸğ­ğ°ğšğ«ğğ¬ ğ­ğ¨ ğ¤ğğğ© ğ­ğ«ğšğœğ¤ ğ¨ğŸ ğšğ©ğ©ğ¥ğ¢ğœğšğ­ğ¢ğ¨ğ§ğ¬I love Notion so much! It can be a tedious process but keep track of all companies that you submitted apps for. âœ¨Pro tip: I keep a list of recruiters and hiring managers emails regardless of my application status, just for future references and opportunities. As an incoming June 2023 graduate at University of California, Davis Iâ€™m still on the search for full time positions. Connect with me to share your current job search experiences! #internÂ #hiringÂ #interview #internships #software #recruiters #linkedin #future #opportunities #rejection #linkedin #adobe",https://www.linkedin.com/in/fionajli?miniProfileUrn=urn%3Ali%3Afs_miniProfile%3AACoAAC1xlQkBbchc4h6_fbiCzrgvfDqSZyZeW4Y,0.9357
Juliana Rabbi - Remote Work Coach,"âŒ I know that you are having a hard time to land a Remote Jobâ¡ï¸ This is happening because you keep trying different things, but you have no idea if they will actually work to land a Remote Job.ğŸ’¡Â  But let me also tell you this:âœ”ï¸ There is nothing wrong with you because of that.âœ”ï¸ This is not your fault.âœ”ï¸ Nobody taught us how to land jobs - especially #remote #jobs, right?So itâ€™s perfectly normal to feel confused, overwhelmed and even lost in the #jobsearching process.ğŸ˜€ Want to hear the good news?In this post, I will share 3 specific things you can do to have an easier time landing a #remotejob.ğŸ“Œ Have you already implemented any of those 3 things? If yes, what happened?ğŸ“Œ What would you add to the list?Please let me know in the comments.ğŸ‘‰ğŸ¾ I also want to invite you for the LinkedIn Live I will be doing today. The topic is â€œHow to land a well-paid Remote Jobâ€.ğŸ¯ Save your agenda to be here live with me - all you need to do is set an alarm in your agenda, and click on my LinkedIn profile when the live starts.Date: TODAY, Wednesday, the 3rd of May, 2023Time: 12:30pm ET time (New York time)1:30pm GMT -3 time (Brasilia time)6:30pm CET time (Spain time)See you there?#jobsearch",https://www.linkedin.com/in/julianarabbi-career-coach?miniProfileUrn=urn%3Ali%3Afs_miniProfile%3AACoAABmevUwBbk19YkfmbNeL74atmuvZPduw-dA,0.9698
Escuela de Negocios y DirecciÃ³n de la UEMC,MBA Online - MÃ¡ster Oficial en DirecciÃ³n de Empresas - TÃ­tulo Oficial,https://www.linkedin.com/company/escuela-de-negocios-y-direcci%C3%B3n/?miniCompanyUrn=urn%3Ali%3Afs_miniCompany%3A15142988,0.0
VIEWNEXT,"Ayer estuvimos en el encuentro entre empresas y Xunta de Galicia sobre el Plan Conecta FP de Galicia, organizado por el Centro Galego da InnovaciÃ³n da FP. El acto tenÃ­a por objetivo analizar junto con las empresas de la regiÃ³n las posibilidades que ofrece la FormaciÃ³n Profesional para dar respuesta a las crecientes necesidades del mercado laboral en Galicia.  El evento fue inaugurado por Gabriel AlÃ©n, delegado territorial de la Xunta de Galicia en Ourense, Maria Sol Novoa Rodriguez presidenta de la ConfederaciÃ³n de Empresas de Ourense y RomÃ¡n RodrÃ­guez GonzÃ¡lez, Consejero de Cultura, EducaciÃ³n, FormaciÃ³n Profesional y Universidades.ğŸ‘‰ En representaciÃ³n de VIEWNEXT, acudieron Angel Manuel Martinez Sotelo, director del Centro de InnovaciÃ³n Viewnext de #Ourense y Daniel VÃ¡zquez GÃ³mez, actual empleado de Viewnext y exalumno de FP, que ademÃ¡s participaron en una mesa redondağŸ—£ï¸ ğŸ’¬ en la que se trataron temas como las posibilidades de colaboraciÃ³n entre la FP y las empresas.#ViewnextconlaFP #Galicia #InnovaciÃ³n",https://www.linkedin.com/company/viewnext/?miniCompanyUrn=urn%3Ali%3Afs_miniCompany%3A11885,0.0
Najim Zaytoun ğŸ§ ,"Feeling ""stuck""? Trust me, 3 out of 4 people around you feel the same way.If you've known me for a while, then you also know that I deeply care about how we can take control of our professional compass.And that's exactly why Meander exists.Come meander with us!ğŸ‘‡ (link in comments)",https://www.linkedin.com/in/najim-zaytoun?miniProfileUrn=urn%3Ali%3Afs_miniProfile%3AACoAABaWJyUBXmJmE9ZQMSGEwApuVlFHzOuAE5A,0.8217
Pablo SÃ¡nchez Arias,"Boost Your R Code's Performance with parSapply ğŸš€Hey LinkedIn fam! ğŸ‘‹ Are you looking to supercharge your R code and make it run faster? ğŸƒâ€â™‚ï¸ Today, I want to share with you an amazing function in R called parSapply that can significantly speed up your computations. ğŸ’¨parSapply is a parallel computing function in R that allows you to distribute computations across multiple cores or processors, harnessing the power of parallel processing. ğŸš€ By using parSapply, you can take advantage of the full processing power of your machine, making your code more efficient and saving you precious time âŒ›.Here's a simple example of how parSapply can be used to speed up your code:```R# Load the parallel packagelibrary(parallel)# Define a function to be applied in parallelmy_function <- function(x) {Â # Perform some computationally intensive taskÂ # ...}# Create a vector of inputsmy_data <- 1:100# Apply the function in parallel using parSapplyresults <- parSapply(my_data, my_function)```In this example, parSapply distributes the computations of the `my_function` across multiple cores, processing each element of `my_data` simultaneously. This can lead to a significant speedup compared to the sequential version of the code.By leveraging parallel processing with parSapply, you can tackle computationally intensive tasks more efficiently, such as large-scale simulations, data processing, or complex calculations. ğŸ’ªSo, if you find yourself working with large datasets or performing repetitive calculations in R, give parSapply a try! It's a powerful tool that can make a noticeable difference in your code's performance. âš¡ï¸If you're interested in learning more about optimizing your R code and unlocking its full potential, I highly recommend checking out DataCamp's course ""Writing Efficient R Code"" (link: [https://lnkd.in/dVwBqbAN]). It covers various techniques and best practices to improve the efficiency and speed of your R code.Remember, in today's data-driven world, every second counts when it comes to data analysis and processing. Stay ahead of the game by optimizing your R code with parSapply and other performance-enhancing techniques. Happy coding! ğŸ’»âœ¨#RProgramming #DataScience #ParallelProcessing #EfficientCoding #DataCamp",https://www.linkedin.com/in/paulitos?miniProfileUrn=urn%3Ali%3Afs_miniProfile%3AACoAAD79JWoBqFqlyNpzprvIJsoLMbLbzIVgQPs,0.9944
CESIF,"Â¿Te gustarÃ­a ser un experto en monitorizaciÃ³n de ensayos clÃ­nicos? Nuestro MÃ¡ster Online te ofrece una formaciÃ³n completa y actualizada en este Ã¡mbito, para que puedas trabajar en investigaciÃ³n clÃ­nica de manera eficiente y segurağŸ‘©â€âš•ï¸Â¡Aprovecha el 10% de Descuento sobre la matrÃ­cula!ğŸ‘†Â¡FÃ³rmate con los mejores!ğŸ‘†",https://www.linkedin.com/company/cesif/?miniCompanyUrn=urn%3Ali%3Afs_miniCompany%3A1212763,0.0
